Key,Title,Season,Rating Mean,Number of Episodes
tt3647998,Taboo,2,9.5,1
tt2560140,Attack on Titan,2,9.408333333333333,12
tt0118273,Brass Eye,2,9.4,1
tt4508902,One Punch Man,1,9.35,12
tt0944947,Game of Thrones,4,9.33,10
tt4269716,Umbre,2,9.316666666666668,6
tt7366338,Chernobyl,1,9.3,1
tt2356777,True Detective,1,9.3,8
tt0903747,Breaking Bad,5,9.293750000000003,16
tt0278238,Samurai Jack,5,9.28,10
tt0081912,Only Fools and Horses....,8,9.266666666666667,3
tt9253866,Our Planet,1,9.262500000000001,8
tt2560140,Attack on Titan,3,9.257142857142856,14
tt2433738,Wentworth,4,9.249999999999998,12
tt1475582,Sherlock,2,9.233333333333333,3
tt0081912,Only Fools and Horses....,6,9.214285714285714,7
tt0944947,Game of Thrones,7,9.214285714285714,7
tt1632701,Suits,5,9.20625,16
tt8595766,Yeh Meri Family,1,9.200000000000001,7
tt0290978,The Office,3,9.2,2
tt2560140,Attack on Titan,1,9.187999999999999,25
tt5687612,Fleabag,2,9.183333333333332,6
tt2433738,Wentworth,3,9.15,12
tt2243973,Hannibal,2,9.138461538461538,13
tt3322312,Daredevil,3,9.138461538461538,13
tt4158110,Mr. Robot,3,9.129999999999999,10
tt0944947,Game of Thrones,1,9.120000000000001,10
tt5288312,Skam,3,9.12,10
tt0944947,Game of Thrones,6,9.12,10
tt2442560,Peaky Blinders,4,9.100000000000001,6
tt0944947,Game of Thrones,3,9.1,10
tt2802850,Fargo,2,9.08,10
tt2395695,Cosmos,1,9.076923076923077,13
tt3230854,The Expanse,3,9.076923076923077,13
tt0417373,The Venture Bros.,7,9.059999999999999,10
tt3322312,Daredevil,2,9.046153846153846,13
tt1586680,Shameless,4,9.041666666666668,12
tt7221388,Cobra Kai,2,9.04,10
tt1489428,Justified,6,9.038461538461538,13
tt1870479,The Newsroom,3,9.033333333333333,6
tt2433738,Wentworth,2,9.033333333333333,12
tt1641384,Young Justice,3,9.030769230769232,13
tt2149175,The Americans,6,9.030000000000001,10
tt0944947,Game of Thrones,2,9.03,10
tt2802850,Fargo,1,9.03,10
tt1865718,Gravity Falls,2,9.019047619047617,21
tt0053488,The Bugs Bunny Show,3,9.0,1
tt0773262,Dexter,4,9.0,12
tt1475582,Sherlock,3,9.0,4
tt2433738,Wentworth,5,8.991666666666665,12
tt0072500,Fawlty Towers,2,8.983333333333333,6
tt1641384,Young Justice,2,8.959999999999999,20
tt1586680,Shameless,5,8.950000000000001,12
tt0417373,The Venture Bros.,6,8.944444444444443,9
tt1632701,Suits,4,8.94375,16
tt2303687,Line of Duty,5,8.933333333333334,6
tt0903747,Breaking Bad,4,8.923076923076923,13
tt3032476,Better Call Saul,1,8.92,10
tt2442560,Peaky Blinders,3,8.916666666666666,6
tt1695360,The Legend of Korra,3,8.907692307692308,13
tt0081846,Cosmos,1,8.907692307692308,13
tt0417299,Avatar: The Last Airbender,3,8.904761904761903,21
tt2243973,Hannibal,3,8.900000000000002,13
tt2303687,Line of Duty,3,8.9,6
tt0944947,Game of Thrones,5,8.9,10
tt0773262,Dexter,2,8.9,12
tt0773262,Dexter,1,8.891666666666667,12
tt3032476,Better Call Saul,3,8.889999999999999,10
tt2297757,Nathan for You,3,8.887500000000001,8
tt3322312,Daredevil,1,8.884615384615383,13
tt4158110,Mr. Robot,1,8.870000000000001,10
tt2442560,Peaky Blinders,2,8.866666666666667,6
tt1586680,Shameless,7,8.866666666666667,12
tt2433738,Wentworth,6,8.866666666666665,12
tt1586680,Shameless,3,8.858333333333333,12
tt4574334,Stranger Things,1,8.850000000000001,8
tt0075520,Jesus of Nazareth,1,8.850000000000001,2
tt1124373,Sons of Anarchy,4,8.85,14
tt5675620,The Punisher,1,8.846153846153847,13
tt7562112,Pose,1,8.8375,8
tt1984119,Feud,1,8.8375,8
tt1227926,Dr. Horrible's Sing-Along Blog,1,8.833333333333334,3
tt3032476,Better Call Saul,4,8.830000000000002,10
tt2707408,Narcos,2,8.82,10
tt0072500,Fawlty Towers,1,8.816666666666668,6
tt1856010,House of Cards,2,8.815384615384616,13
tt2100976,Impractical Jokers,8,8.814285714285715,7
tt0773262,Dexter,7,8.808333333333334,12
tt0193676,Freaks and Geeks,1,8.805555555555555,18
tt4158110,Mr. Robot,2,8.800000000000002,12
tt1475582,Sherlock,1,8.8,4
tt4156586,Permanent Roommates,1,8.8,5
tt4742876,TVF Pitchers,1,8.8,5
tt6958022,The Defiant Ones,1,8.8,4
tt2401256,The Night Of,1,8.799999999999999,8
tt0096548,Blackadder Goes Forth,1,8.799999999999999,6
tt0141842,The Sopranos,3,8.792307692307691,13
tt1695360,The Legend of Korra,4,8.792307692307691,13
tt5994364,Sseulsseulhago Chalranhashin: Dokkaebi,1,8.7875,16
tt1856010,House of Cards,4,8.784615384615382,13
tt0237123,Coupling,1,8.783333333333333,6
tt0412142,House M.D.,4,8.78125,16
tt7221388,Cobra Kai,1,8.78,10
tt4269716,Umbre,1,8.775,8
tt1632701,Suits,2,8.775,16
tt1632701,Suits,3,8.774999999999999,16
tt1124373,Sons of Anarchy,5,8.76923076923077,13
tt0071075,The World at War,1,8.765384615384615,26
tt5788792,The Marvelous Mrs. Maisel,2,8.760000000000002,10
tt1124373,Sons of Anarchy,2,8.753846153846153,13
tt0141842,The Sopranos,5,8.753846153846153,13
tt0141842,The Sopranos,1,8.753846153846153,13
tt2384811,Utopia,2,8.75,6
tt1474684,Luther,3,8.75,4
tt2303687,Line of Duty,4,8.749999999999998,6
tt0237123,Coupling,3,8.742857142857144,7
tt3398228,BoJack Horseman,5,8.741666666666665,12
tt0417299,Avatar: The Last Airbender,2,8.74,20
tt4189022,Ash vs Evil Dead,3,8.739999999999998,10
tt0804503,Mad Men,4,8.73846153846154,13
tt0141842,The Sopranos,2,8.73846153846154,13
tt0903747,Breaking Bad,2,8.738461538461538,13
tt1124373,Sons of Anarchy,7,8.738461538461538,13
tt0111958,Father Ted,3,8.7375,8
tt3647998,Taboo,1,8.7375,8
tt1641384,Young Justice,1,8.734615384615385,26
tt1695360,The Legend of Korra,1,8.733333333333334,12
tt0070644,Scenes from a Marriage,1,8.733333333333334,6
tt3032476,Better Call Saul,2,8.73,10
tt0804503,Mad Men,7,8.728571428571428,14
tt4288182,Atlanta,2,8.727272727272727,11
tt2701582,Endeavour,6,8.725000000000001,4
tt1586680,Shameless,6,8.725,12
tt1489428,Justified,3,8.723076923076922,13
tt0903747,Breaking Bad,3,8.723076923076922,13
tt2244495,The Eric Andre Show,4,8.720000000000002,10
tt6763664,The Haunting of Hill House,1,8.719999999999999,10
tt0141842,The Sopranos,6,8.719047619047618,21
tt0290978,The Office,2,8.716666666666667,6
tt0367279,Arrested Development,3,8.715384615384618,13
tt0979432,Boardwalk Empire,5,8.7125,8
tt2707408,Narcos,1,8.71,10
tt2788432,American Crime Story,1,8.709999999999999,10
tt0367279,Arrested Development,2,8.705555555555556,18
tt0108778,Friends,10,8.705555555555556,18
tt0237123,Coupling,2,8.7,9
tt4786824,The Crown,2,8.7,10
tt2297757,Nathan for You,4,8.7,8
tt1489428,Justified,2,8.692307692307692,13
tt0773262,Dexter,5,8.691666666666665,12
tt1632701,Suits,6,8.6875,16
tt2297757,Nathan for You,2,8.6875,8
tt0096657,Mr. Bean,1,8.686666666666666,15
tt0903747,Breaking Bad,1,8.685714285714285,7
tt1124373,Sons of Anarchy,6,8.684615384615386,13
tt5555260,This Is Us,1,8.683333333333334,18
tt2442560,Peaky Blinders,1,8.683333333333332,6
tt2244495,The Eric Andre Show,3,8.680000000000001,10
tt0475784,Westworld,1,8.679999999999998,10
tt1119644,Fringe,5,8.676923076923076,13
tt0086831,"Yes, Prime Minister",1,8.675,8
tt2701582,Endeavour,2,8.675,4
tt0203082,Samurai X: Trust and Betrayal,1,8.675,4
tt0081912,Only Fools and Horses....,7,8.672727272727274,11
tt5555260,This Is Us,3,8.672222222222224,18
tt4786824,The Crown,1,8.67,10
tt2861424,Rick and Morty,3,8.669999999999998,10
tt2707408,Narcos,3,8.669999999999998,10
tt0804503,Mad Men,5,8.669230769230767,13
tt1439629,Community,3,8.66818181818182,22
tt0129690,I'm Alan Partridge,1,8.666666666666666,6
tt0108778,Friends,5,8.6625,24
tt0098936,Twin Peaks,1,8.6625,8
tt2243973,Hannibal,1,8.661538461538463,13
tt0074006,"I, Claudius",1,8.661538461538463,13
tt2937900,The Knick,2,8.66,10
tt1831164,Leyla ile Mecnun,1,8.659999999999998,20
tt0303461,Firefly,1,8.657142857142858,14
tt1489428,Justified,4,8.653846153846153,13
tt0096639,Lonesome Dove,1,8.65,4
tt0979432,Boardwalk Empire,3,8.646153846153847,13
tt0412142,House M.D.,3,8.645833333333334,24
tt1606375,Downton Abbey,6,8.644444444444444,9
tt0200276,The West Wing,2,8.640909090909092,22
tt0264235,Curb Your Enthusiasm,7,8.639999999999999,10
tt1489428,Justified,5,8.63846153846154,13
tt1806234,Human Planet,1,8.637500000000001,8
tt1439629,Community,2,8.637499999999998,24
tt0182629,Rurouni Kenshin: Wandering Samurai,2,8.637142857142855,35
tt0098904,Seinfeld,8,8.636363636363637,22
tt0979432,Boardwalk Empire,2,8.633333333333335,12
tt4082744,Detectorists,3,8.633333333333333,6
tt5675620,The Punisher,2,8.630769230769234,13
tt1266020,Parks and Recreation,7,8.630769230769232,13
tt3230854,The Expanse,2,8.63076923076923,13
tt5834204,The Handmaid's Tale,2,8.63076923076923,13
tt0185906,Band of Brothers,1,8.63,10
tt0121955,South Park,8,8.62857142857143,14
tt0098904,Seinfeld,7,8.627272727272727,22
tt0118421,Oz,4,8.625,16
tt1474684,Luther,2,8.625,4
tt0412142,House M.D.,5,8.620833333333334,24
tt0384766,Rome,2,8.620000000000001,10
tt0129690,I'm Alan Partridge,2,8.616666666666667,6
tt0387199,Entourage,3,8.614999999999998,20
tt3920596,Big Little Lies,1,8.614285714285714,7
tt0118421,Oz,1,8.6125,8
tt4270492,Billions,4,8.61111111111111,9
tt2802850,Fargo,3,8.610000000000001,10
tt0348914,Deadwood,3,8.608333333333334,12
tt0348914,Deadwood,2,8.608333333333334,12
tt0773262,Dexter,3,8.608333333333334,12
tt0412142,House M.D.,2,8.608333333333333,24
tt0412142,House M.D.,6,8.604761904761903,21
tt0098904,Seinfeld,4,8.604347826086956,23
tt0098769,The Civil War,1,8.600000000000001,9
tt0264235,Curb Your Enthusiasm,6,8.600000000000001,10
tt4189022,Ash vs Evil Dead,1,8.600000000000001,10
tt1586680,Shameless,2,8.600000000000001,12
tt0386676,The Office,4,8.600000000000001,14
tt7078180,Violet Evergarden,1,8.6,14
tt5425186,Horace and Pete,1,8.6,10
tt0314979,Battlestar Galactica,1,8.6,2
tt2297757,Nathan for You,1,8.6,8
tt2303687,Line of Duty,2,8.6,6
tt0387764,Peep Show,4,8.6,6
tt0487831,The IT Crowd,5,8.6,1
tt5712554,The Grand Tour,3,8.592857142857143,14
tt2149175,The Americans,4,8.592307692307692,13
tt4270492,Billions,2,8.591666666666667,12
tt4189022,Ash vs Evil Dead,2,8.59,10
tt3718778,Over the Garden Wall,1,8.59,10
tt5753856,Dark,1,8.59,10
tt0118421,Oz,5,8.5875,8
tt0118421,Oz,6,8.5875,8
tt0098904,Seinfeld,5,8.585714285714285,21
tt1586680,Shameless,1,8.583333333333334,12
tt4093826,Twin Peaks,1,8.583333333333334,18
tt2049116,Gomorra: La serie,4,8.583333333333334,12
tt1266020,Parks and Recreation,3,8.581249999999999,16
tt8714904,Narcos: Mexico,1,8.58,10
tt4574334,Stranger Things,2,8.577777777777778,9
tt0200276,The West Wing,1,8.577272727272728,22
tt1856010,House of Cards,3,8.576923076923077,13
tt4270492,Billions,3,8.575000000000001,12
tt0098825,House of Cards,1,8.575,4
tt0979432,Boardwalk Empire,4,8.575,12
tt0386676,The Office,3,8.573913043478258,23
tt0080297,Tinker Tailor Soldier Spy,1,8.571428571428571,7
tt1533395,Life,1,8.570000000000002,10
tt0417373,The Venture Bros.,3,8.56923076923077,13
tt7259746,Queer Eye,3,8.5625,8
tt0417373,The Venture Bros.,2,8.561538461538463,13
tt6025022,Justice League Unlimited,2,8.56153846153846,13
tt0758745,Friday Night Lights,5,8.56153846153846,13
tt2937900,The Knick,1,8.559999999999999,10
tt0412142,House M.D.,1,8.55909090909091,22
tt1831164,Leyla ile Mecnun,2,8.556097560975605,41
tt1856010,House of Cards,1,8.553846153846154,13
tt6468322,Money Heist,1,8.553333333333335,15
tt1305826,Adventure Time,8,8.550000000000002,14
tt0080306,Yes Minister,3,8.55,8
tt2306299,Vikings,2,8.55,10
tt0118421,Oz,3,8.55,8
tt3428912,Happy Valley,2,8.549999999999999,6
tt1632701,Suits,1,8.549999999999999,12
tt6478318,Masum,1,8.549999999999999,8
tt0387199,Entourage,5,8.549999999999999,12
tt0108778,Friends,6,8.548,25
tt0995832,Generation Kill,1,8.542857142857144,7
tt1695360,The Legend of Korra,2,8.542857142857143,14
tt0121955,South Park,11,8.542857142857143,14
tt0387199,Entourage,2,8.542857142857143,14
tt0264235,Curb Your Enthusiasm,9,8.540000000000001,10
tt2433738,Wentworth,1,8.54,10
tt0994314,Kôdo giasu: Hangyaku no rurûshu,2,8.54,25
tt2149175,The Americans,3,8.538461538461538,13
tt0758745,Friday Night Lights,4,8.538461538461538,13
tt5555260,This Is Us,2,8.533333333333335,18
tt3428912,Happy Valley,1,8.533333333333333,6
tt1831164,Leyla ile Mecnun,3,8.53255813953488,43
tt5834204,The Handmaid's Tale,1,8.53,10
tt0472954,It's Always Sunny in Philadelphia,12,8.53,10
tt1606375,Downton Abbey,1,8.528571428571428,7
tt0187664,Spaced,2,8.528571428571428,7
tt0108778,Friends,4,8.525000000000002,24
tt0319969,Carnivàle,2,8.525,12
tt1870479,The Newsroom,1,8.52,10
tt2306299,Vikings,3,8.52,10
tt0417373,The Venture Bros.,4,8.51764705882353,17
tt2100976,Impractical Jokers,3,8.515625000000002,32
tt0804503,Mad Men,3,8.515384615384615,13
tt1439629,Community,5,8.515384615384615,13
tt0106028,Homicide: Life on the Street,6,8.513043478260872,23
tt1606375,Downton Abbey,2,8.511111111111111,9
tt2861424,Rick and Morty,2,8.51,10
tt0111958,Father Ted,2,8.50909090909091,11
tt1124373,Sons of Anarchy,3,8.507692307692308,13
tt2100976,Impractical Jokers,2,8.50357142857143,28
tt0098833,Jeeves and Wooster,2,8.5,6
tt0106028,Homicide: Life on the Street,2,8.5,4
tt1305826,Adventure Time,9,8.5,14
tt0386676,The Office,5,8.496153846153847,26
tt0121955,South Park,6,8.494117647058824,17
tt5249462,Boku dake ga inai machi,1,8.491666666666665,12
tt0264235,Curb Your Enthusiasm,2,8.489999999999998,10
tt4288182,Atlanta,1,8.489999999999998,10
tt0417373,The Venture Bros.,5,8.488888888888887,9
tt2356777,True Detective,3,8.4875,8
tt5788792,The Marvelous Mrs. Maisel,1,8.4875,8
tt0108778,Friends,2,8.487499999999999,24
tt0098904,Seinfeld,9,8.486363636363633,22
tt1474684,Luther,1,8.485714285714286,7
tt2384811,Utopia,1,8.483333333333334,6
tt0384766,Rome,1,8.483333333333333,12
tt0348914,Deadwood,1,8.483333333333333,12
tt0108778,Friends,8,8.483333333333333,24
tt0275137,Justice League,2,8.48076923076923,26
tt2575988,Silicon Valley,2,8.48,10
tt0264235,Curb Your Enthusiasm,3,8.48,10
tt0264235,Curb Your Enthusiasm,4,8.48,10
tt0108778,Friends,7,8.479166666666666,24
tt1119644,Fringe,3,8.47272727272727,22
tt0264235,Curb Your Enthusiasm,8,8.47,10
tt4299972,The Jinx: The Life and Deaths of Robert Durst,1,8.466666666666667,6
tt0367279,Arrested Development,1,8.463636363636363,22
tt2861424,Rick and Morty,1,8.463636363636363,11
tt1865718,Gravity Falls,1,8.459999999999999,20
tt2701582,Endeavour,1,8.459999999999999,5
tt2100976,Impractical Jokers,1,8.458823529411765,17
tt0387199,Entourage,4,8.458333333333334,12
tt1586680,Shameless,8,8.45833333333333,12
tt1492966,Louie,4,8.457142857142857,14
tt1870479,The Newsroom,2,8.455555555555556,9
tt1124373,Sons of Anarchy,1,8.453846153846154,13
tt0108778,Friends,3,8.451999999999998,25
tt0088484,Blackadder II,1,8.450000000000001,6
tt0092324,Blackadder the Third,1,8.450000000000001,6
tt5288312,Skam,4,8.45,10
tt0081912,Only Fools and Horses....,4,8.45,8
tt2467372,Brooklyn Nine-Nine,5,8.445454545454545,22
tt0121955,South Park,5,8.442857142857143,14
tt0863046,Flight of the Conchords,1,8.441666666666666,12
tt0979432,Boardwalk Empire,1,8.441666666666666,12
tt2306299,Vikings,4,8.44,20
tt0386676,The Office,2,8.436363636363636,22
tt0758745,Friday Night Lights,3,8.430769230769231,13
tt0472954,It's Always Sunny in Philadelphia,4,8.430769230769231,13
tt5290382,Mindhunter,1,8.43,10
tt0472954,It's Always Sunny in Philadelphia,2,8.43,10
tt0081912,Only Fools and Horses....,3,8.425,8
tt2528254,This Is England '90,1,8.425,4
tt1492966,Louie,5,8.425,8
tt2049116,Gomorra: La serie,1,8.424999999999999,12
tt2575988,Silicon Valley,3,8.419999999999998,10
tt0098904,Seinfeld,6,8.417391304347827,23
tt0412142,House M.D.,7,8.417391304347827,23
tt0362192,State of Play,1,8.416666666666666,6
tt0248654,Six Feet Under,5,8.416666666666666,12
tt1305826,Adventure Time,10,8.415384615384614,13
tt0472954,It's Always Sunny in Philadelphia,3,8.413333333333332,15
tt0086831,"Yes, Prime Minister",2,8.412500000000001,8
tt1606375,Downton Abbey,5,8.411111111111111,9
tt0081912,Only Fools and Horses....,5,8.41111111111111,9
tt0264235,Curb Your Enthusiasm,5,8.41,10
tt0141842,The Sopranos,4,8.407692307692308,13
tt0121955,South Park,7,8.406666666666666,15
tt1632701,Suits,7,8.40625,16
tt1266020,Parks and Recreation,4,8.404545454545454,22
tt1119644,Fringe,4,8.404545454545453,22
tt0081912,Only Fools and Horses....,2,8.4,8
tt0459159,The Thick of It,3,8.4,8
tt0098904,Seinfeld,3,8.4,23
tt2701582,Endeavour,5,8.399999999999999,6
tt3398228,BoJack Horseman,4,8.399999999999999,12
tt1439629,Community,1,8.399999999999999,25
tt0096697,The Simpsons,5,8.395454545454543,22
tt1856010,House of Cards,5,8.392307692307693,13
tt0096697,The Simpsons,7,8.392000000000001,25
tt0306414,The Wire,3,8.391666666666664,12
tt1606375,Downton Abbey,3,8.38888888888889,9
tt0096697,The Simpsons,6,8.388,25
tt0121955,South Park,9,8.385714285714288,14
tt1586680,Shameless,9,8.385714285714286,14
tt4295140,Chef's Table,2,8.383333333333333,6
tt0083390,Brideshead Revisited,1,8.381818181818183,11
tt0161952,Seinto Seiya,2,8.380769230769234,26
tt5189670,Making a Murderer,2,8.379999999999999,10
tt0436992,Doctor Who,4,8.378571428571428,14
tt1119644,Fringe,2,8.378260869565219,23
tt0804503,Mad Men,6,8.376923076923077,13
tt0063929,Monty Python's Flying Circus,2,8.376923076923076,13
tt0248654,Six Feet Under,1,8.376923076923076,13
tt4270492,Billions,1,8.375000000000002,12
tt7767422,Sex Education,1,8.375,8
tt0106179,The X-Files,6,8.372727272727273,22
tt0108778,Friends,1,8.370833333333332,24
tt0417299,Avatar: The Last Airbender,1,8.37,20
tt2149175,The Americans,2,8.36923076923077,13
tt0472954,It's Always Sunny in Philadelphia,5,8.366666666666667,12
tt0487831,The IT Crowd,2,8.366666666666667,6
tt2049116,Gomorra: La serie,3,8.366666666666665,12
tt2049116,Gomorra: La serie,2,8.366666666666665,12
tt0306414,The Wire,4,8.36153846153846,13
tt0863046,Flight of the Conchords,2,8.360000000000001,10
tt2100976,Impractical Jokers,5,8.359259259259263,27
tt4082744,Detectorists,2,8.357142857142858,7
tt0412142,House M.D.,8,8.354545454545454,22
tt1492966,Louie,3,8.353846153846154,13
tt2149175,The Americans,1,8.353846153846153,13
tt1733785,Bron/Broen,4,8.350000000000001,8
tt1475582,Sherlock,4,8.35,4
tt0407362,Battlestar Galactica,4,8.35,20
tt5189670,Making a Murderer,1,8.35,10
tt0773262,Dexter,6,8.35,12
tt0290978,The Office,1,8.35,6
tt2701582,Endeavour,3,8.35,4
tt0106179,The X-Files,5,8.344999999999999,20
tt0472027,John Adams,1,8.342857142857143,7
tt0278238,Samurai Jack,3,8.338461538461539,13
tt1489428,Justified,1,8.338461538461539,13
tt1305826,Adventure Time,7,8.338461538461539,39
tt2100976,Impractical Jokers,6,8.338461538461535,26
tt0108778,Friends,9,8.337499999999997,24
tt0459159,The Thick of It,2,8.333333333333334,3
tt7920978,Sahsiyet,1,8.333333333333334,12
tt0200276,The West Wing,7,8.331818181818182,22
tt0096697,The Simpsons,4,8.331818181818182,22
tt0278238,Samurai Jack,1,8.330769230769231,13
tt5712554,The Grand Tour,2,8.327272727272726,11
tt1494191,The Untold History of the United States,1,8.325,12
tt2575988,Silicon Valley,1,8.325,8
tt0306414,The Wire,1,8.323076923076922,13
tt1266020,Parks and Recreation,5,8.322727272727274,22
tt0121955,South Park,10,8.321428571428573,14
tt3530232,Last Week Tonight with John Oliver,4,8.316666666666668,30
tt2085059,Black Mirror,3,8.316666666666666,6
tt4082744,Detectorists,1,8.316666666666666,6
tt0387764,Peep Show,7,8.316666666666666,6
tt0386676,The Office,7,8.312500000000002,24
tt0306414,The Wire,5,8.309999999999999,10
tt1733785,Bron/Broen,3,8.309999999999999,10
tt2244495,The Eric Andre Show,2,8.309999999999999,10
tt0098936,Twin Peaks,2,8.309090909090909,22
tt2244495,The Eric Andre Show,1,8.309090909090909,11
tt0804503,Mad Men,2,8.307692307692307,13
tt1230180,The Angry Video Game Nerd,2,8.304545454545455,22
tt0080306,Yes Minister,2,8.3,7
tt6468322,Money Heist,2,8.3,2
tt0200276,The West Wing,3,8.299999999999999,22
tt0112130,Pride and Prejudice,1,8.299999999999999,6
tt1486217,Archer,7,8.290000000000001,10
tt0262150,Black Books,1,8.283333333333333,6
tt0387764,Peep Show,9,8.283333333333333,6
tt0487831,The IT Crowd,3,8.283333333333331,6
tt0472954,It's Always Sunny in Philadelphia,9,8.28,10
tt1442449,Spartacus,3,8.28,10
tt0096697,The Simpsons,8,8.28,25
tt0149460,Futurama,1,8.277777777777779,9
tt0248654,Six Feet Under,2,8.276923076923076,13
tt2467372,Brooklyn Nine-Nine,6,8.275,16
tt0118421,Oz,2,8.275,8
tt0387199,Entourage,6,8.275,12
tt0459159,The Thick of It,4,8.271428571428574,7
tt0472954,It's Always Sunny in Philadelphia,1,8.271428571428574,7
tt3230854,The Expanse,1,8.27,10
tt2575988,Silicon Valley,4,8.27,10
tt1733785,Bron/Broen,2,8.27,10
tt0063929,Monty Python's Flying Circus,1,8.26923076923077,13
tt1486217,Archer,6,8.269230769230768,13
tt0118273,Brass Eye,1,8.266666666666667,6
tt0387764,Peep Show,3,8.266666666666667,6
tt1492966,Louie,2,8.261538461538462,13
tt0056751,Doctor Who,13,8.261538461538462,26
tt2149175,The Americans,5,8.261538461538462,13
tt0056751,Doctor Who,14,8.26153846153846,26
tt0278238,Samurai Jack,4,8.26153846153846,13
tt5712554,The Grand Tour,1,8.26153846153846,13
tt1230180,The Angry Video Game Nerd,3,8.26086956521739,23
tt0080306,Yes Minister,1,8.257142857142858,7
tt0187664,Spaced,1,8.257142857142856,7
tt0083466,Police Squad!,1,8.250000000000002,6
tt1474684,Luther,5,8.25,4
tt1628033,Top Gear,22,8.25,8
tt8398600,After Life,1,8.25,6
tt2467372,Brooklyn Nine-Nine,4,8.249999999999998,22
tt3530232,Last Week Tonight with John Oliver,2,8.248571428571426,35
tt1910272,Steins;Gate,1,8.248000000000001,25
tt1442449,Spartacus,1,8.246153846153845,13
tt2100976,Impractical Jokers,4,8.244827586206895,29
tt0149460,Futurama,5,8.24375,16
tt2303687,Line of Duty,1,8.24,5
tt0472954,It's Always Sunny in Philadelphia,10,8.24,10
tt0200276,The West Wing,4,8.23913043478261,23
tt0098833,Jeeves and Wooster,3,8.233333333333334,6
tt0387764,Peep Show,2,8.233333333333333,6
tt5687612,Fleabag,1,8.233333333333333,6
tt1230180,The Angry Video Game Nerd,6,8.233333333333333,9
tt1266020,Parks and Recreation,6,8.231818181818184,22
tt0161952,Seinto Seiya,1,8.23150684931507,73
tt0804503,Mad Men,1,8.23076923076923,13
tt0278238,Samurai Jack,2,8.230769230769228,13
tt2467372,Brooklyn Nine-Nine,2,8.230434782608695,23
tt1266020,Parks and Recreation,2,8.225000000000001,24
tt0075537,Mind Your Language,3,8.225,8
tt0306414,The Wire,2,8.224999999999998,12
tt1486217,Archer,2,8.223076923076924,13
tt0386676,The Office,6,8.223076923076924,26
tt1486217,Archer,3,8.223076923076922,13
tt0063929,Monty Python's Flying Circus,3,8.223076923076922,13
tt6025022,Justice League Unlimited,3,8.223076923076922,13
tt0387764,Peep Show,5,8.216666666666667,6
tt0387764,Peep Show,6,8.216666666666667,6
tt1119644,Fringe,1,8.215,20
tt0436992,Doctor Who,9,8.214285714285714,14
tt3671754,Kardes Payi,1,8.213636363636363,22
tt0096697,The Simpsons,3,8.2125,24
tt0106179,The X-Files,3,8.2125,24
tt1606375,Downton Abbey,4,8.211111111111112,9
tt0434706,Monster,1,8.210810810810809,74
tt0106179,The X-Files,4,8.208333333333334,24
tt3530232,Last Week Tonight with John Oliver,3,8.203333333333335,30
tt2701582,Endeavour,4,8.200000000000001,4
tt0121955,South Park,4,8.200000000000001,17
tt0264235,Curb Your Enthusiasm,1,8.2,10
tt0092337,Dekalog,1,8.2,10
tt2085059,Black Mirror,1,8.2,3
tt2788432,American Crime Story,2,8.2,9
tt1883092,Generation War,1,8.2,3
tt1439629,Community,6,8.2,13
tt1513168,Through the Wormhole,1,8.2,8
tt0436992,Doctor Who,5,8.192307692307692,13
tt0074028,The Muppet Show,5,8.191666666666666,24
tt1733785,Bron/Broen,1,8.190000000000001,10
tt0387199,Entourage,8,8.1875,8
tt2467372,Brooklyn Nine-Nine,3,8.18695652173913,23
tt0112159,Shin Seiki Evangerion,1,8.184615384615386,26
tt4295140,Chef's Table,3,8.183333333333335,6
tt0472954,It's Always Sunny in Philadelphia,11,8.18,10
tt0121955,South Park,19,8.18,10
tt0106028,Homicide: Life on the Street,1,8.177777777777777,9
tt3398228,BoJack Horseman,3,8.175000000000002,12
tt0075537,Mind Your Language,2,8.175,8
tt0472954,It's Always Sunny in Philadelphia,8,8.17,10
tt0103584,X-Men: The Animated Series,1,8.16923076923077,13
tt1230180,The Angry Video Game Nerd,5,8.169230769230769,13
tt5288312,Skam,2,8.166666666666668,12
tt0397150,Garth Marenghi's Darkplace,1,8.166666666666666,6
tt0086661,The Adventures of Sherlock Holmes,2,8.166666666666666,6
tt0121955,South Park,14,8.164285714285713,14
tt2575988,Silicon Valley,5,8.1625,8
tt0472954,It's Always Sunny in Philadelphia,6,8.161538461538461,13
tt0098833,Jeeves and Wooster,1,8.16,5
tt0475784,Westworld,2,8.16,10
tt4508902,One Punch Man,2,8.16,5
tt0098904,Seinfeld,2,8.158333333333333,12
tt1628033,Top Gear,21,8.157142857142857,7
tt0436992,Doctor Who,6,8.157142857142857,14
tt1442437,Modern Family,1,8.154166666666667,24
tt0075537,Mind Your Language,4,8.153846153846155,13
tt6025022,Justice League Unlimited,1,8.153846153846153,13
tt2467372,Brooklyn Nine-Nine,1,8.150000000000002,22
tt1474684,Luther,4,8.15,2
tt0086661,The Adventures of Sherlock Holmes,1,8.142857142857142,7
tt0061287,The Prisoner,1,8.141176470588235,17
tt2356777,True Detective,2,8.1375,8
tt0387199,Entourage,1,8.1375,8
tt7259746,Queer Eye,1,8.1375,8
tt2306299,Vikings,1,8.133333333333333,9
tt0075537,Mind Your Language,1,8.130769230769232,13
tt0472954,It's Always Sunny in Philadelphia,7,8.13076923076923,13
tt2100976,Impractical Jokers,7,8.125925925925927,27
tt1230180,The Angry Video Game Nerd,4,8.122727272727273,22
tt1526318,Borgen,2,8.120000000000001,10
tt0387199,Entourage,7,8.120000000000001,10
tt0200276,The West Wing,6,8.118181818181817,22
tt1230180,The Angry Video Game Nerd,7,8.118181818181817,11
tt0121955,South Park,13,8.114285714285716,14
tt0436992,Doctor Who,3,8.114285714285714,14
tt0149460,Futurama,4,8.108333333333333,12
tt1486217,Archer,5,8.107692307692307,13
tt0417373,The Venture Bros.,1,8.106666666666666,15
tt1442437,Modern Family,2,8.104166666666666,24
tt0423731,Samurai Champloo,1,8.103846153846153,26
tt0262150,Black Books,3,8.1,6
tt2674806,Inside No. 9,5,8.1,1
tt0094525,Poirot,4,8.1,3
tt0487831,The IT Crowd,1,8.1,6
tt0262150,Black Books,2,8.1,6
tt1442449,Spartacus,2,8.099999999999998,10
tt1492966,Louie,1,8.092307692307692,13
tt0103584,X-Men: The Animated Series,3,8.089473684210526,19
tt0421357,Fullmetal Alchemist,1,8.08627450980392,51
tt4295140,Chef's Table,1,8.083333333333334,6
tt0106179,The X-Files,8,8.08095238095238,21
tt1442437,Modern Family,6,8.079166666666667,24
tt0096697,The Simpsons,2,8.077272727272726,22
tt3530232,Last Week Tonight with John Oliver,1,8.075000000000001,24
tt7259746,Queer Eye,2,8.075,8
tt3530232,Last Week Tonight with John Oliver,5,8.073333333333332,30
tt0149460,Futurama,2,8.069999999999999,20
tt0106179,The X-Files,2,8.067999999999998,25
tt0149460,Futurama,3,8.066666666666666,15
tt0161952,Seinto Seiya,3,8.066666666666666,15
tt0111958,Father Ted,1,8.066666666666666,6
tt0081834,Das Boot,1,8.066666666666666,3
tt0056751,Doctor Who,7,8.064,25
tt1305826,Adventure Time,6,8.06279069767442,43
tt1632701,Suits,8,8.062500000000002,16
tt0248654,Six Feet Under,3,8.061538461538461,13
tt2098220,Hunter x Hunter,1,8.060135135135136,148
tt0994314,Kôdo giasu: Hangyaku no rurûshu,1,8.06,25
tt0094525,Poirot,13,8.059999999999999,5
tt0056751,Doctor Who,12,8.055,20
tt4295140,Chef's Table,6,8.05,4
tt0280249,Dragon Ball,5,8.05,10
tt0121955,South Park,1,8.05,14
tt0487831,The IT Crowd,4,8.05,6
tt2674806,Inside No. 9,2,8.049999999999999,6
tt0074028,The Muppet Show,4,8.049999999999999,24
tt0081912,Only Fools and Horses....,1,8.042857142857143,7
tt0275137,Justice League,1,8.042307692307691,26
tt3530232,Last Week Tonight with John Oliver,6,8.04,10
tt0436992,Doctor Who,1,8.038461538461537,13
tt1230180,The Angry Video Game Nerd,1,8.035294117647059,17
tt0121955,South Park,3,8.035294117647057,17
tt0098833,Jeeves and Wooster,4,8.033333333333333,6
tt0053488,The Bugs Bunny Show,1,8.03076923076923,26
tt0121955,South Park,17,8.03,10
tt0094525,Poirot,9,8.025,4
tt2085059,Black Mirror,2,8.024999999999999,4
tt4295140,Chef's Table,4,8.024999999999999,4
tt1305826,Adventure Time,5,8.023076923076925,52
tt2306299,Vikings,5,8.020000000000001,20
tt0106028,Homicide: Life on the Street,7,8.018181818181818,22
tt0386676,The Office,1,8.016666666666667,6
tt0387764,Peep Show,1,8.016666666666667,6
tt0106028,Homicide: Life on the Street,3,8.014999999999997,20
tt0121955,South Park,12,8.014285714285716,14
tt0090509,The Return of Sherlock Holmes,1,8.014285714285714,7
tt1355642,Fullmetal Alchemist: Brotherhood,1,8.009374999999999,64
tt0280249,Dragon Ball,4,8.008333333333333,12
tt0094517,Mystery Science Theater 3000,5,8.008333333333331,24
tt1442437,Modern Family,4,8.004166666666666,24
tt1442437,Modern Family,5,8.004166666666665,24
tt3398228,BoJack Horseman,2,8.000000000000002,13
tt1442437,Modern Family,3,8.000000000000002,24
tt0458254,The Colbert Report,11,8.0,2
tt1526318,Borgen,1,8.0,10
tt2674806,Inside No. 9,4,8.0,6
tt0459159,The Thick of It,1,8.0,3
tt0094517,Mystery Science Theater 3000,6,7.991666666666666,24
tt0053488,The Bugs Bunny Show,2,7.988461538461537,26
tt0286486,The Shield,7,7.984615384615385,13
tt0248654,Six Feet Under,4,7.974999999999999,12
tt1442437,Modern Family,7,7.972727272727272,22
tt0200276,The West Wing,5,7.97272727272727,22
tt0094517,Mystery Science Theater 3000,4,7.970833333333332,24
tt0121955,South Park,18,7.970000000000001,10
tt1230180,The Angry Video Game Nerd,12,7.966666666666667,9
tt0386676,The Office,9,7.965217391304347,23
tt0436992,Doctor Who,2,7.964285714285715,14
tt1526318,Borgen,3,7.960000000000001,10
tt1513168,Through the Wormhole,2,7.959999999999999,10
tt0319969,Carnivàle,1,7.958333333333333,12
tt1305826,Adventure Time,2,7.957692307692308,26
tt1305826,Adventure Time,3,7.957692307692308,26
tt5288312,Skam,1,7.954545454545456,11
tt0286486,The Shield,3,7.953333333333335,15
tt2571774,Africa,1,7.949999999999999,6
tt0121955,South Park,2,7.949999999999999,18
tt0090509,The Return of Sherlock Holmes,2,7.949999999999999,4
tt0074028,The Muppet Show,2,7.945833333333334,24
tt1486217,Archer,1,7.945454545454544,11
tt0472954,It's Always Sunny in Philadelphia,13,7.94,10
tt0458254,The Colbert Report,10,7.9376237623762345,101
tt0318871,Berserk,1,7.935999999999996,25
tt0074028,The Muppet Show,3,7.933333333333336,24
tt0103584,X-Men: The Animated Series,2,7.93076923076923,13
tt0346314,Kôkaku kidôtai: Stand Alone Complex,2,7.930769230769229,26
tt0094525,Poirot,6,7.925,4
tt0103584,X-Men: The Animated Series,4,7.923529411764705,17
tt0458254,The Colbert Report,8,7.923178807947016,151
tt0407362,Battlestar Galactica,1,7.923076923076923,13
tt0118266,The New Batman Adventures,1,7.923076923076922,13
tt0367279,Arrested Development,4,7.913333333333331,15
tt1628033,Top Gear,20,7.900000000000001,6
tt4295140,Chef's Table,5,7.9,4
tt0094525,Poirot,12,7.9,4
tt4156586,Permanent Roommates,2,7.9,8
tt1508238,Apocalypse: La 2ème guerre mondiale,1,7.8999999999999995,6
tt2674806,Inside No. 9,3,7.8999999999999995,6
tt1305826,Adventure Time,4,7.896153846153846,26
tt0106179,The X-Files,7,7.89090909090909,22
tt0286486,The Shield,1,7.884615384615385,13
tt1486217,Archer,4,7.884615384615383,13
tt0237123,Coupling,4,7.883333333333333,6
tt0407362,Battlestar Galactica,3,7.880000000000001,20
tt1877514,The Vietnam War,1,7.88,10
tt0096697,The Simpsons,9,7.876,25
tt0407362,Battlestar Galactica,2,7.87,20
tt0081912,Only Fools and Horses....,9,7.866666666666667,3
tt0436992,Doctor Who,7,7.866666666666666,15
tt0106179,The X-Files,1,7.862500000000001,24
tt0182629,Rurouni Kenshin: Wandering Samurai,1,7.855555555555555,27
tt2085059,Black Mirror,4,7.8500000000000005,6
tt0118266,The New Batman Adventures,2,7.845454545454544,11
tt0458254,The Colbert Report,1,7.843750000000003,32
tt0436992,Doctor Who,8,7.841666666666668,12
tt0096697,The Simpsons,1,7.838461538461538,13
tt0458254,The Colbert Report,9,7.835761589403971,151
tt1230180,The Angry Video Game Nerd,13,7.825,4
tt0094525,Poirot,11,7.825,4
tt0387764,Peep Show,8,7.816666666666666,6
tt2674806,Inside No. 9,1,7.816666666666666,6
tt0346314,Kôkaku kidôtai: Stand Alone Complex,1,7.815384615384617,26
tt0056751,Doctor Who,10,7.815384615384615,26
tt0056751,Doctor Who,5,7.8100000000000005,40
tt0074028,The Muppet Show,1,7.8,24
tt1795096,Behzat Ç.: Bir Ankara Polisiyesi,1,7.8,38
tt0436992,Doctor Who,10,7.792307692307693,13
tt3398228,BoJack Horseman,1,7.791666666666667,12
tt0052520,The Twilight Zone,1,7.791666666666667,36
tt0106028,Homicide: Life on the Street,4,7.79090909090909,22
tt0280249,Dragon Ball,7,7.788888888888888,18
tt0094525,Poirot,5,7.7875000000000005,8
tt0092455,Star Trek: The Next Generation,6,7.7846153846153845,26
tt0108855,The Memoirs of Sherlock Holmes,1,7.783333333333332,6
tt0417349,North &amp; South,1,7.775,4
tt0286486,The Shield,6,7.7727272727272725,11
tt0056751,Doctor Who,26,7.764285714285717,14
tt0944947,Game of Thrones,8,7.76,5
tt0182629,Rurouni Kenshin: Wandering Samurai,3,7.75454545454545,33
tt0286486,The Shield,2,7.753846153846153,13
tt0280249,Dragon Ball,8,7.7523809523809515,21
tt0106179,The X-Files,9,7.742105263157893,19
tt0094525,Poirot,3,7.736363636363637,11
tt0063929,Monty Python's Flying Circus,4,7.733333333333333,6
tt1305826,Adventure Time,1,7.730769230769231,26
tt1628033,Top Gear,19,7.722222222222222,9
tt0163507,Whose Line Is It Anyway?,1,7.719999999999997,20
tt0149460,Futurama,6,7.71923076923077,26
tt1230180,The Angry Video Game Nerd,8,7.71875,16
tt0052520,The Twilight Zone,2,7.717241379310345,29
tt1230180,The Angry Video Game Nerd,11,7.716666666666668,12
tt0280249,Dragon Ball,2,7.713333333333334,15
tt0094525,Poirot,7,7.7,2
tt0094525,Poirot,8,7.7,2
tt1628033,Top Gear,14,7.7,7
tt0121955,South Park,15,7.7,14
tt1486217,Archer,8,7.687500000000001,8
tt0052520,The Twilight Zone,3,7.686486486486486,37
tt0092455,Star Trek: The Next Generation,5,7.676923076923079,26
tt0458254,The Colbert Report,7,7.672357723577237,123
tt0121955,South Park,22,7.67,10
tt1628033,Top Gear,15,7.666666666666667,9
tt0758745,Friday Night Lights,2,7.666666666666667,15
tt1758429,Spartacus: Gods of the Arena,1,7.666666666666667,6
tt0386676,The Office,8,7.666666666666665,24
tt0098904,Seinfeld,1,7.659999999999999,5
tt0106179,The X-Files,11,7.659999999999999,10
tt0096697,The Simpsons,10,7.656521739130437,23
tt0094517,Mystery Science Theater 3000,3,7.653846153846154,13
tt0094525,Poirot,10,7.65,4
tt1513168,Through the Wormhole,7,7.65,4
tt0094525,Poirot,2,7.644444444444444,9
tt0121955,South Park,20,7.639999999999999,10
tt0458254,The Colbert Report,5,7.6369369369369355,111
tt0458254,The Colbert Report,2,7.632298136645972,161
tt0092455,Star Trek: The Next Generation,4,7.630769230769231,26
tt1628033,Top Gear,13,7.628571428571428,7
tt0092455,Star Trek: The Next Generation,3,7.6230769230769235,26
tt1230180,The Angry Video Game Nerd,10,7.62,5
tt1439629,Community,4,7.615384615384617,13
tt0094517,Mystery Science Theater 3000,8,7.614285714285715,7
tt0103584,X-Men: The Animated Series,5,7.614285714285714,14
tt1628033,Top Gear,12,7.6125,8
tt0149460,Futurama,7,7.611538461538462,26
tt0388629,One Piece: Wan pîsu,1,7.610872027180073,883
tt0367279,Arrested Development,5,7.60625,16
tt1628033,Top Gear,18,7.6,8
tt0280249,Dragon Ball,3,7.594117647058821,17
tt0094517,Mystery Science Theater 3000,9,7.581818181818179,22
tt0121955,South Park,16,7.578571428571427,14
tt0458254,The Colbert Report,6,7.576785714285712,112
tt0773262,Dexter,8,7.575,12
tt1628033,Top Gear,17,7.566666666666666,6
tt1628033,Top Gear,10,7.5636363636363635,11
tt1628033,Top Gear,9,7.562500000000001,8
tt0280249,Dragon Ball,6,7.549999999999999,16
tt0052520,The Twilight Zone,5,7.544444444444443,36
tt0052520,The Twilight Zone,4,7.53888888888889,18
tt0056751,Doctor Who,4,7.5279069767441875,43
tt0286486,The Shield,5,7.5181818181818185,11
tt0106179,The X-Files,10,7.516666666666667,6
tt0094517,Mystery Science Theater 3000,10,7.515384615384615,13
tt0163507,Whose Line Is It Anyway?,2,7.512820512820511,39
tt6077448,Sacred Games,1,7.512499999999999,8
tt0056751,Doctor Who,8,7.5079999999999965,25
tt1628033,Top Gear,16,7.5,9
tt0380136,QI,1,7.5,13
tt0047708,Alfred Hitchcock Presents,6,7.486842105263157,38
tt0380136,QI,2,7.483333333333333,12
tt0106028,Homicide: Life on the Street,5,7.4818181818181815,22
tt0094517,Mystery Science Theater 3000,7,7.470833333333332,24
tt0280249,Dragon Ball,1,7.469230769230768,13
tt1795096,Behzat Ç.: Bir Ankara Polisiyesi,3,7.466666666666665,27
tt1442437,Modern Family,8,7.45909090909091,22
tt0047708,Alfred Hitchcock Presents,4,7.455555555555557,36
tt0047708,Alfred Hitchcock Presents,7,7.4538461538461505,39
tt0047708,Alfred Hitchcock Presents,5,7.447368421052632,38
tt0163507,Whose Line Is It Anyway?,8,7.442857142857142,21
tt0047708,Alfred Hitchcock Presents,3,7.44102564102564,39
tt0056751,Doctor Who,11,7.4384615384615405,26
tt0056751,Doctor Who,16,7.438461538461534,26
tt0115147,The Daily Show,19,7.438364779874214,159
tt0096697,The Simpsons,12,7.438095238095237,21
tt1513168,Through the Wormhole,4,7.43,10
tt0094525,Poirot,1,7.43,10
tt0056751,Doctor Who,25,7.42857142857143,14
tt0115147,The Daily Show,20,7.4281690140845065,142
tt9561862,"Love, Death &amp; Robots",1,7.427777777777779,18
tt1486217,Archer,9,7.425000000000001,8
tt1513168,Through the Wormhole,8,7.425,4
tt0094517,Mystery Science Theater 3000,11,7.423076923076923,13
tt3671754,Kardes Payi,2,7.415384615384615,13
tt0056751,Doctor Who,15,7.403846153846154,26
tt0380136,QI,6,7.3999999999999995,12
tt0056751,Doctor Who,3,7.391111111111113,45
tt0280249,Dragon Ball,9,7.383870967741933,31
tt1442437,Modern Family,10,7.381818181818182,22
tt0056751,Doctor Who,6,7.3772727272727305,44
tt1266020,Parks and Recreation,1,7.366666666666667,6
tt1628033,Top Gear,11,7.3500000000000005,6
tt0056751,Doctor Who,18,7.34642857142857,28
tt0795176,Planet Earth,1,7.345454545454545,11
tt0115147,The Daily Show,17,7.336305732484081,157
tt0056751,Doctor Who,2,7.333333333333333,39
tt0163507,Whose Line Is It Anyway?,5,7.3323529411764685,34
tt0056751,Doctor Who,17,7.329999999999998,20
tt1628033,Top Gear,7,7.328571428571429,7
tt0056751,Doctor Who,19,7.326923076923078,26
tt0380136,QI,3,7.324999999999999,12
tt0056751,Doctor Who,9,7.323076923076925,26
tt1442437,Modern Family,9,7.3136363636363635,22
tt0096697,The Simpsons,11,7.313636363636363,22
tt0121955,South Park,21,7.3,10
tt0380136,QI,5,7.299999999999999,13
tt0088509,Dragon Ball,1,7.295424836601304,153
tt0380136,QI,7,7.294444444444445,18
tt1513168,Through the Wormhole,5,7.290000000000002,10
tt0092455,Star Trek: The Next Generation,7,7.275999999999999,25
tt1513168,Through the Wormhole,3,7.2700000000000005,10
tt0213338,Cowboy Bebop,1,7.26923076923077,26
tt0115147,The Daily Show,4,7.268944099378898,161
tt0047708,Alfred Hitchcock Presents,2,7.256410256410255,39
tt1628033,Top Gear,8,7.250000000000001,8
tt0163507,Whose Line Is It Anyway?,7,7.248000000000002,25
tt0056751,Doctor Who,1,7.241860465116284,43
tt0115147,The Daily Show,5,7.241772151898744,158
tt0056751,Doctor Who,20,7.234782608695651,23
tt1513168,Through the Wormhole,6,7.233333333333333,6
tt0163507,Whose Line Is It Anyway?,3,7.2325,40
tt1795096,Behzat Ç.: Bir Ankara Polisiyesi,2,7.232258064516127,31
tt0047708,Alfred Hitchcock Presents,1,7.230769230769231,39
tt0458254,The Colbert Report,3,7.225362318840588,138
tt0380136,QI,4,7.223076923076922,13
tt1628033,Top Gear,5,7.222222222222222,9
tt0163507,Whose Line Is It Anyway?,4,7.216129032258066,31
tt0458254,The Colbert Report,4,7.20314465408806,159
tt0115147,The Daily Show,6,7.194936708860772,158
tt0062588,Mister Rogers' Neighborhood,1,7.186363636363637,44
tt0115147,The Daily Show,16,7.183870967741943,124
tt1628033,Top Gear,4,7.18,10
tt0380136,QI,16,7.172222222222223,18
tt1628033,Top Gear,3,7.166666666666667,9
tt0380136,QI,12,7.166666666666665,18
tt6769208,Blue Planet II,1,7.162499999999999,8
tt0115147,The Daily Show,7,7.152597402597405,154
tt0096697,The Simpsons,14,7.150000000000002,22
tt0096697,The Simpsons,13,7.149999999999998,22
tt1628033,Top Gear,6,7.145454545454545,11
tt1628033,Top Gear,2,7.140000000000001,10
tt0056751,Doctor Who,21,7.129166666666667,24
tt0096697,The Simpsons,15,7.10909090909091,22
tt0056751,Doctor Who,22,7.107692307692307,13
tt0115147,The Daily Show,18,7.106329113924055,158
tt0380136,QI,9,7.105555555555554,18
tt0214341,Dragon Ball Z,2,7.1037037037037045,27
tt0214341,Dragon Ball Z,3,7.1000000000000005,7
tt5491994,Planet Earth II,1,7.1000000000000005,6
tt0094517,Mystery Science Theater 3000,2,7.1,13
tt0056751,Doctor Who,23,7.092857142857146,14
tt0115147,The Daily Show,14,7.083850931677024,161
tt0758745,Friday Night Lights,1,7.059090909090907,22
tt0214341,Dragon Ball Z,7,7.057142857142857,14
tt1230180,The Angry Video Game Nerd,9,7.049999999999999,30
tt0380136,QI,13,7.044444444444445,18
tt0877057,Death Note,1,7.032432432432432,37
tt0286486,The Shield,4,6.9923076923076914,13
tt0096697,The Simpsons,18,6.986363636363637,22
tt0163507,Whose Line Is It Anyway?,6,6.970000000000001,10
tt0380136,QI,8,6.96875,16
tt0096697,The Simpsons,19,6.964999999999999,20
tt0096697,The Simpsons,17,6.963636363636365,22
tt0096697,The Simpsons,16,6.957142857142858,21
tt0092455,Star Trek: The Next Generation,2,6.954545454545453,22
tt0096697,The Simpsons,20,6.9523809523809526,21
tt0380136,QI,14,6.9333333333333345,18
tt0094517,Mystery Science Theater 3000,1,6.922727272727273,22
tt0380136,QI,11,6.905555555555556,18
tt1628033,Top Gear,1,6.899999999999999,10
tt0103359,Batman: The Animated Series,1,6.891666666666669,60
tt0214341,Dragon Ball Z,8,6.86153846153846,13
tt0115147,The Daily Show,13,6.860000000000004,160
tt0096697,The Simpsons,27,6.8590909090909085,22
tt0096697,The Simpsons,29,6.857142857142857,21
tt0096697,The Simpsons,21,6.856521739130437,23
tt0380136,QI,15,6.855555555555557,18
tt0120570,From the Earth to the Moon,1,6.841666666666668,12
tt0096697,The Simpsons,25,6.840909090909091,22
tt0092455,Star Trek: The Next Generation,1,6.839999999999999,25
tt0115147,The Daily Show,10,6.833333333333333,159
tt0121220,Dragon Ball Z: Doragon bôru zetto,1,6.832499999999994,160
tt0115147,The Daily Show,22,6.815950920245399,163
tt0353049,Chappelle's Show,2,6.812499999999999,16
tt0380136,QI,10,6.811111111111112,18
tt0096697,The Simpsons,23,6.809090909090909,22
tt6205862,Inside Look: The People v. O.J. Simpson - American Crime Story,1,6.8,2
tt0403778,Long Way Round,1,6.785714285714286,7
tt0214341,Dragon Ball Z,13,6.7749999999999995,12
tt0115147,The Daily Show,15,6.773913043478259,161
tt0115147,The Daily Show,8,6.766451612903226,155
tt0353049,Chappelle's Show,1,6.764285714285713,14
tt0096697,The Simpsons,24,6.750000000000003,22
tt0096697,The Simpsons,22,6.749999999999999,22
tt0096697,The Simpsons,26,6.7318181818181815,22
tt0214341,Dragon Ball Z,4,6.728125000000001,32
tt0096697,The Simpsons,28,6.714285714285715,21
tt0115147,The Daily Show,21,6.698136645962735,161
tt0103359,Batman: The Animated Series,2,6.67,10
tt0214341,Dragon Ball Z,6,6.6625000000000005,8
tt0214341,Dragon Ball Z,1,6.638461538461541,26
tt0115147,The Daily Show,12,6.607246376811592,138
tt0103359,Batman: The Animated Series,3,6.529999999999999,10
tt0214341,Dragon Ball Z,12,6.469999999999999,10
tt0115147,The Daily Show,9,6.441333333333332,75
tt0115147,The Daily Show,3,6.4070063694267505,157
tt0353049,Chappelle's Show,3,6.366666666666667,3
tt0115147,The Daily Show,11,6.363975155279504,161
tt0096697,The Simpsons,30,6.363636363636363,22
tt0214341,Dragon Ball Z,5,6.3599999999999985,10
tt0436992,Doctor Who,11,6.333333333333333,12
tt0214341,Dragon Ball Z,14,6.331818181818182,22
tt0103359,Batman: The Animated Series,4,6.14,5
tt1628033,Top Gear,25,6.099999999999999,6
tt0214341,Dragon Ball Z,11,6.093333333333334,15
tt0296310,The Blue Planet,1,6.090000000000001,10
tt0214341,Dragon Ball Z,9,6.046153846153847,13
tt0158417,Mahabharat,1,5.979245283018869,53
tt0056751,Doctor Who,24,5.8428571428571425,14
tt0115147,The Daily Show,23,5.803184713375795,157
tt0214341,Dragon Ball Z,16,5.793749999999998,16
tt0121220,Dragon Ball Z: Doragon bôru zetto,2,5.723913043478259,92
tt0121220,Dragon Ball Z: Doragon bôru zetto,4,5.723913043478259,92
tt1628033,Top Gear,26,5.72,5
tt1628033,Top Gear,24,5.585714285714287,7
tt0115147,The Daily Show,24,5.546534653465347,101
tt2092588,Frozen Planet,1,5.466666666666667,9
tt0214341,Dragon Ball Z,10,5.431034482758624,29
tt0115147,The Daily Show,2,5.387820512820517,156
tt0121220,Dragon Ball Z: Doragon bôru zetto,3,5.297435897435899,39
tt0214341,Dragon Ball Z,15,5.281818181818182,22
tt0115147,The Daily Show,1,5.145512820512818,156
tt1856010,House of Cards,6,4.2,8
tt1628033,Top Gear,23,2.2166666666666663,6
